{"numObstacles": 40, "obs0": {"center": [3.860718536543833, -5.498111277641551, 76.3774618976614], "orient": [0.04532645722784067, 0.44818547478911147, -0.892790732738211], "scale": 2.255069025739422}, "obs1": {"center": [-23.534739674058446, 7.730190313232721, 65.15929727227629], "orient": [0.38975188848606723, -0.23505501444735866, -0.8904170964243084], "scale": 2.788723351135513}, "obs2": {"center": [38.11066719580679, 0.504337357998955, 44.538719405480144], "orient": [-0.878217513625709, 0.4734968368446013, -0.06734050979339773], "scale": 2.7215400323407826}, "obs3": {"center": [-21.886800879651087, 0.5760285906321346, 23.308445025757262], "orient": [0.04459177540178806, 0.1309856898208581, -0.99038089775029], "scale": 2.2308665415409843}, "obs4": {"center": [-39.27177898313728, -14.545430168515141, 64.22943629324456], "orient": [-0.4634204475160819, 0.6811921088566795, -0.5667616780053005], "scale": 2.185906265894718}, "obs5": {"center": [9.443043710200547, 17.26646195024396, 50.22385584334831], "orient": [0.6848844597926809, 0.6277398265853658, 0.3699675483783174], "scale": 2.982076637538534}, "obs6": {"center": [16.791373123804526, -35.402522475536635, 88.61795808260082], "orient": [0.8584128673090687, 0.5021667808975233, 0.10467030811668583], "scale": 2.7405034118331963}, "obs7": {"center": [-3.8758183070833905, -3.866190789069402, 34.44228640964949], "orient": [-0.4589597841410014, -0.1587180733557492, -0.8741650243126204], "scale": 2.0695153785308475}, "obs8": {"center": [-32.15138588144557, 18.696019085900637, 25.235810227983535], "orient": [-0.5965877193592569, -0.5772630188224455, 0.5575396848742856], "scale": 2.008480262463669}, "obs9": {"center": [13.497936377053149, 25.11683769026159, 86.77810644349934], "orient": [-0.4323146906214893, -0.7185742163606426, -0.5447523325829221], "scale": 2.9737752361596916}, "obs10": {"center": [24.124582017199717, -2.2027421610915066, 23.464043487103847], "orient": [-0.904435285151848, -0.42045693570721276, -0.07219958578825987], "scale": 2.7254651862412724}, "obs11": {"center": [18.658911164606305, -34.70826812201217, 34.08974641165834], "orient": [0.17787279995347077, 0.8432188129474505, -0.5072901541802334], "scale": 2.615186032559037}, "obs12": {"center": [-18.101444379279847, -29.26347110538507, 25.9085991853645], "orient": [-0.7828227432358461, -0.18626071167452077, -0.5937133146218008], "scale": 2.5416022629129653}, "obs13": {"center": [-3.761376071094028, 7.328842438382834, 12.63300748348425], "orient": [0.7845368284773969, -0.6050370888262265, -0.13576481837100662], "scale": 2.908884759902705}, "obs14": {"center": [-34.73741786199093, -16.491616362954908, 38.32563847662638], "orient": [-0.5651388702692742, 0.06579247316996682, 0.8223681704595258], "scale": 2.284047445733559}, "obs15": {"center": [26.60569594501356, -5.956674319704251, 76.10656598531885], "orient": [0.8844956133578007, -0.36099930985529166, 0.29554527273297915], "scale": 2.973519784580054}, "obs16": {"center": [-15.90763460668885, -35.777248406166194, 49.22991328917098], "orient": [0.29707002019691414, -0.05224241135752665, -0.9534254735194336], "scale": 2.647668241842183}, "obs17": {"center": [-2.963618524137294, -29.07072861730805, 89.79091716371104], "orient": [0.7974201634311835, 0.3132937065847295, -0.5157209869374971], "scale": 2.7487734635751373}, "obs18": {"center": [-12.634132735387775, 28.44283935042159, 43.17656228924081], "orient": [-0.15121577467082004, -0.19674640144351532, 0.968723202473096], "scale": 2.761592993501026}, "obs19": {"center": [14.479210984167478, 36.50386692631699, 62.58865053379801], "orient": [-0.036713882090461926, 0.8701195536064965, -0.49147131482262413], "scale": 2.1656295275021575}, "obs20": {"center": [-14.167941626221744, 33.77941603088872, 13.000489965304752], "orient": [-0.5964898642196661, 0.724088456277426, -0.34625965599384845], "scale": 2.7945722220851716}, "obs21": {"center": [-31.723637299909512, -13.204750229792518, 90.68062611875042], "orient": [-0.782035457432516, 0.012452899819785581, -0.623109515738922], "scale": 2.184600344049371}, "obs22": {"center": [-35.16040711455762, -18.09604193857673, 11.350996819836933], "orient": [-0.5655480580307831, 0.3787609110333987, 0.7325950902993821], "scale": 2.5738154912706417}, "obs23": {"center": [-11.229421608732505, 26.801957616060573, 75.29946363688818], "orient": [0.1552734746570695, -0.9518079919460568, 0.26448382660483327], "scale": 2.174145565184358}, "obs24": {"center": [7.770536630952485, -20.259000106766113, 9.324773258403084], "orient": [0.6623069485161082, -0.10033504508030767, -0.7424839289008308], "scale": 2.4078419055938083}, "obs25": {"center": [-15.10044571929404, -21.332858895921895, 66.70571437524747], "orient": [-0.6163865855768949, 0.5871681469633553, -0.5246914753571635], "scale": 2.142717088991217}, "obs26": {"center": [12.447881970358958, -35.160251419368024, 61.68550091230327], "orient": [0.7594877157040835, -0.32436864251734066, -0.5638824287438391], "scale": 2.209453827530851}, "obs27": {"center": [8.728472478579949, -10.963259505586487, 48.33091915978175], "orient": [-0.5933257151448619, 0.42903330288156233, -0.6810983928672684], "scale": 2.1526596232142303}, "obs28": {"center": [28.698052588335333, 28.535768849804175, 16.739731070033457], "orient": [-0.869898238264645, 0.48911509797530295, 0.06358833223695061], "scale": 2.4065558479111844}, "obs29": {"center": [33.36733529419963, -15.345276068541605, 14.656468451799542], "orient": [-0.6372881285606837, -0.7464075236571445, 0.191675897868331], "scale": 2.36420148909776}, "obs30": {"center": [-8.739507914727051, 11.047942944466161, 83.47548186063811], "orient": [0.04079140137257109, -0.9434190953541196, 0.32908429329774513], "scale": 2.140060923611303}, "obs31": {"center": [8.02441319946718, 28.223547508903035, 19.95524856312565], "orient": [0.818490188813283, -0.4521717314401812, 0.354421410333497], "scale": 2.008023086748624}, "obs32": {"center": [-42.55483523871828, 7.684030009341413, 81.06456180902647], "orient": [0.7570936589617472, 0.367444216016759, 0.5401795439256685], "scale": 2.123551033179879}, "obs33": {"center": [39.938667846646275, 8.71565404250553, 69.26019059985727], "orient": [0.6530253561346697, -0.6042148959055584, -0.456598558704496], "scale": 2.5089094544908996}, "obs34": {"center": [35.61448380666901, 22.733080926637935, 44.44163109115639], "orient": [0.1888845601129482, -0.6472694120517173, 0.7384882742286178], "scale": 2.0287655050715703}, "obs35": {"center": [-29.624434805362263, -33.31421613704837, 78.74030379476025], "orient": [-0.48555860037058723, 0.5695831248575209, -0.6631801485898821], "scale": 2.1063465756339017}, "obs36": {"center": [37.483997907871235, -22.383072604502114, 60.594491483569556], "orient": [0.9331944920981885, 0.24834623219223848, 0.25975409308329045], "scale": 2.303460846572246}, "obs37": {"center": [0.23676707611778142, -44.45304960258237, 11.031565853563563], "orient": [-0.14189871647485458, -0.7541860313311662, -0.6411459930528569], "scale": 2.340129792297016}, "obs38": {"center": [-41.43058908582473, 6.699094715544714, 50.385658829879844], "orient": [-0.9255200231654152, -0.24338734564037914, -0.29012977562122094], "scale": 2.3519740325281067}, "obs39": {"center": [-1.5838431705044078, 43.85896544570301, 81.06418884134766], "orient": [-0.11127923153103694, -0.9423462035850231, 0.31559557224200113], "scale": 2.566170371917757}}