{"numObstacles": 94, "heightRadius": [500, 5], "fractions": [51087.97280570233, 3926990.8169872416], "obs0": {"center": [-21.981077194213867, -6.26953649520874, 9.15945816040039], "orient": [-0.6756686414412204, 0.5489519431922527, -0.49206061723981265], "scale": 1.5814923052174719}, "obs1": {"center": [-11.89290714263916, -14.339836120605469, 52.46761703491211], "orient": [0.28416337220822, -0.43312660316208346, 0.8553668941036517], "scale": 1.5135854638936521}, "obs2": {"center": [-7.475390911102295, -19.913633346557617, 35.45856857299805], "orient": [0.7782547981265936, 0.5535977741182159, -0.29639327536955384], "scale": 1.649604357860415}, "obs3": {"center": [-5.841731071472168, -13.68452262878418, 265.5062255859375], "orient": [-0.32176902465847673, -0.5429058401766589, 0.7757048043375834], "scale": 1.8824750908664756}, "obs4": {"center": [-9.041133880615234, -5.465153217315674, 309.77838134765625], "orient": [-0.32714696976657043, 0.1682349190519439, 0.9298773425480032], "scale": 1.70395866813817}, "obs5": {"center": [0.6000272035598755, -26.519731521606445, 299.38525390625], "orient": [0.10704543412922803, -0.7901551915767288, -0.6034865766994558], "scale": 1.9403758576423584}, "obs6": {"center": [-23.89598846435547, -1.3964002132415771, 338.2446594238281], "orient": [0.44824803760776155, -0.5311552253377493, 0.7189908367824973], "scale": 1.576344520287481}, "obs7": {"center": [-2.3154242038726807, -22.15278434753418, 24.635072708129883], "orient": [-0.9309495122325643, 0.3118982378670402, 0.18987494539666333], "scale": 1.6068660779328168}, "obs8": {"center": [7.969842433929443, -7.851557731628418, 48.16923141479492], "orient": [0.823983844846799, 0.08674422009399395, 0.5599339815654798], "scale": 1.9308655236546899}, "obs9": {"center": [-1.9425815343856812, -24.168052673339844, 46.116371154785156], "orient": [-0.9606931655030323, -0.27361331953543416, 0.04695096515050217], "scale": 1.7275442353295103}, "obs10": {"center": [4.945596218109131, -14.79681396484375, 80.05661010742188], "orient": [0.20818086354947687, 0.6716109638383273, 0.7110551605212826], "scale": 1.9012640112510857}, "obs11": {"center": [9.546615600585938, -24.191959381103516, 56.109710693359375], "orient": [0.12409385987319169, -0.8913305561770476, 0.4360396238495852], "scale": 1.9231766170616988}, "obs12": {"center": [8.888371467590332, -16.41667938232422, 253.55816650390625], "orient": [-0.5051976430605802, -0.8561433061529149, 0.1086000956518494], "scale": 1.5698610540350386}, "obs13": {"center": [-16.952693939208984, -15.872763633728027, 279.27130126953125], "orient": [0.6041590115411876, 0.31630435147284225, 0.7313982813849917], "scale": 1.6819418486054336}, "obs14": {"center": [1.098107099533081, -29.00307273864746, 314.7663879394531], "orient": [0.5954132691378002, -0.5665752601659698, 0.5696275217214325], "scale": 1.5537966476124148}, "obs15": {"center": [-3.5325727462768555, -7.417871952056885, 323.9705505371094], "orient": [0.13249333640329777, -0.48421169226992483, -0.8648610020562947], "scale": 1.6916184489477168}, "obs16": {"center": [4.8106369972229, -28.254230499267578, 328.19158935546875], "orient": [-0.8188741707531971, 0.016737349653321257, 0.573728989680534], "scale": 1.768846070952695}, "obs17": {"center": [-15.173221588134766, -24.039072036743164, 326.2695007324219], "orient": [-0.1973141002799614, 0.6032377873488612, -0.7727686055638903], "scale": 1.537257889518577}, "obs18": {"center": [-2.932060480117798, -21.189546585083008, 350.549560546875], "orient": [-0.08563157580834317, -0.8258893697524963, -0.5572916490980323], "scale": 1.6284267436425783}, "obs19": {"center": [20.883874893188477, -13.66853141784668, 285.3677673339844], "orient": [0.7381156491168855, 0.478100195729118, -0.4760309773245201], "scale": 1.7656745544550156}, "obs20": {"center": [9.247724533081055, -18.326271057128906, 308.2616271972656], "orient": [-0.905737272634917, 0.38986288314629114, -0.1662736458514204], "scale": 1.9206990365886947}, "obs21": {"center": [19.185131072998047, -11.323444366455078, 325.2579040527344], "orient": [0.9706366355024012, -0.16772879272898764, -0.1724284602675994], "scale": 1.718193658556706}, "obs22": {"center": [-0.4085461497306824, -17.81154441833496, 362.1241760253906], "orient": [0.1936338878645344, 0.0927219989665956, -0.9766824194066891], "scale": 1.8058298207373693}, "obs23": {"center": [-13.328807830810547, 0.2743833065032959, 42.10829544067383], "orient": [-0.5005122336185703, 0.6882588998729662, 0.5251544446577636], "scale": 1.7161116000582646}, "obs24": {"center": [-6.970649242401123, 5.04149866104126, 62.86410140991211], "orient": [-0.33112511019419233, 0.6035538218285916, -0.7253129983358803], "scale": 1.7385095956150738}, "obs25": {"center": [-2.805335283279419, 21.987058639526367, 36.24574661254883], "orient": [0.6656363729661194, -0.5960404286523544, -0.44907017981204983], "scale": 1.5676977977178015}, "obs26": {"center": [3.0662317276000977, -8.38842487335205, 97.63679504394531], "orient": [0.1412866228917573, 0.8166049939563794, -0.5596377167751865], "scale": 1.8819459897369812}, "obs27": {"center": [4.1160359382629395, -6.838071823120117, 241.20533752441406], "orient": [-0.5945701562211471, -0.5542208637537736, 0.582516577885284], "scale": 1.5795458863570384}, "obs28": {"center": [-6.128201484680176, 1.2587871551513672, 251.0312042236328], "orient": [0.32014405370051274, -0.1086023881493964, 0.94112342770141], "scale": 1.7882553163755315}, "obs29": {"center": [-9.621918678283691, 1.240687370300293, 289.6802978515625], "orient": [-0.8888449529018787, -0.44404979709305237, -0.11302401250387513], "scale": 1.5268773662438935}, "obs30": {"center": [-16.61277198791504, 2.212651014328003, 303.9369812011719], "orient": [-0.7918619498808044, -0.5609896712317034, -0.24134050862280854], "scale": 1.913572143707461}, "obs31": {"center": [-16.68393898010254, -22.670238494873047, 306.8764953613281], "orient": [0.19104137520098247, -0.3300673376277498, 0.9244234665956108], "scale": 1.545019021645299}, "obs32": {"center": [-9.374567985534668, 0.2760694622993469, 325.5644836425781], "orient": [-0.298478813120045, -0.9543695689036464, 0.009440554492044617], "scale": 1.587933371479315}, "obs33": {"center": [-9.851720809936523, 14.034906387329102, 321.4390563964844], "orient": [-0.648022005719551, -0.703883470691789, -0.2908875036678122], "scale": 1.8252293115014615}, "obs34": {"center": [9.16876220703125, 21.178022384643555, 329.8204345703125], "orient": [-0.222723064618736, 0.34640821536995803, 0.9112605471603822], "scale": 1.7349152517779176}, "obs35": {"center": [-14.587324142456055, -4.815709590911865, 366.8771667480469], "orient": [-0.5178684950324561, -0.34576261378356316, 0.7824707258181469], "scale": 1.6372255181607787}, "obs36": {"center": [-14.011860847473145, 18.633817672729492, 380.3149108886719], "orient": [0.45216916503823484, 0.8408899025773772, 0.29740076989146225], "scale": 1.9713900322168083}, "obs37": {"center": [-1.792910099029541, 0.18343356251716614, 11.400718688964844], "orient": [0.9194566419964815, -0.3441017241851673, -0.19024585909120043], "scale": 1.7732528159145995}, "obs38": {"center": [4.797525882720947, 4.731545925140381, 24.982349395751953], "orient": [-0.13924294562179684, -0.10131404572653536, -0.9850618590896142], "scale": 1.8176821412428916}, "obs39": {"center": [-25.101806640625, -9.604125022888184, 24.751306533813477], "orient": [-0.8626766444154873, 0.14905430971094855, 0.4832926855815503], "scale": 1.7381257035964506}, "obs40": {"center": [0.019873246550559998, 0.06534889340400696, 41.8664436340332], "orient": [-0.39795589956866556, -0.7449944808695075, 0.5353637319360246], "scale": 1.6060936247947333}, "obs41": {"center": [4.758347511291504, 12.125003814697266, 98.7965087890625], "orient": [0.9983540955983597, -0.015570075117860552, -0.05519667166420006], "scale": 1.6717384118243583}, "obs42": {"center": [-1.3212858438491821, -3.7101008892059326, 69.60612487792969],