{"numObstacles": 68, "heightRadius": [100, 50], "fractions": [37280.24490020744, 785398.1633974483], "obs0": {"center": [21.96413230895996, -16.08161163330078, 15.25023365020752], "orient": [0.285742029900886, -0.04947938845894107, 0.9570283603247348], "scale": 1.6498273368372616}, "obs1": {"center": [-19.407991409301758, -18.9423828125, 20.32886505126953], "orient": [-0.2390264741855036, 0.6991309112084467, 0.6738563004315489], "scale": 1.6334136375514334}, "obs2": {"center": [11.907319068908691, -33.50347900390625, 65.18310546875], "orient": [0.2562457442843222, -0.937808344774657, -0.2342085118162695], "scale": 1.8105669163846474}, "obs3": {"center": [1.731757402420044, -1.087265133857727, 81.50457763671875], "orient": [0.8397813403857322, -0.36465191429275473, 0.4022390852994925], "scale": 1.7645710471385194}, "obs4": {"center": [-2.054396629333496, -38.194236755371094, 35.7449836730957], "orient": [0.4464109257417506, 0.5483519533215537, -0.7071261702601804], "scale": 1.5635799858506387}, "obs5": {"center": [-25.236862182617188, -26.283315658569336, 7.344102382659912], "orient": [0.4909716303095226, -0.49532137448055374, 0.7166614223005899], "scale": 1.798372654489298}, "obs6": {"center": [-4.496750831604004, -24.58765983581543, 66.24230194091797], "orient": [-0.692063752692985, 0.7217993968721778, -0.007307043414630715], "scale": 1.6130060003021178}, "obs7": {"center": [-8.396240234375, -43.501014709472656, 94.60115051269531], "orient": [-0.43853153134949113, 0.4558588659025762, -0.7745210070684251], "scale": 1.5534728421549915}, "obs8": {"center": [5.379510402679443, -39.7423095703125, 13.561484336853027], "orient": [-0.7932572779731654, 0.6027170047264426, 0.08645867889454235], "scale": 1.6101531035352799}, "obs9": {"center": [2.2225341796875, -41.59440612792969, 57.258750915527344], "orient": [0.32693726996733324, 0.07418716010380692, 0.9421296549743241], "scale": 1.6749131425016497}, "obs10": {"center": [8.760441780090332, 19.488128662109375, 62.48638153076172], "orient": [-0.7570101852195362, 0.6404081173502923, 0.12966504041466878], "scale": 1.73389374229115}, "obs11": {"center": [-33.0123176574707, -25.298309326171875, 60.40355682373047], "orient": [-0.3015383077397485, 0.021830229100276266, 0.9532041177328591], "scale": 1.6008716131324827}, "obs12": {"center": [20.086271286010742, -36.039302825927734, 22.88715934753418], "orient": [0.4198385203650909, -0.5822574671051188, -0.6962125098114675], "scale": 1.8202033626074574}, "obs13": {"center": [-2.8044257164001465, -7.305056095123291, 63.30537033081055], "orient": [0.494306148155854, 0.8687961530163398, -0.029234849056076987], "scale": 1.7415349177758759}, "obs14": {"center": [10.561487197875977, -39.96795654296875, 38.05598068237305], "orient": [0.43513488741840584, 0.6820725191759378, -0.5877369380397672], "scale": 1.7526183600092746}, "obs15": {"center": [-1.8543490171432495, -41.10800552368164, 62.79058837890625], "orient": [0.14925073753917803, -0.031353282782325846, 0.9883021749458932], "scale": 1.6934463255592798}, "obs16": {"center": [41.1633186340332, -10.661335945129395, 28.4699649810791], "orient": [-0.7265774739841708, -0.005213712389394423, 0.6870647651436524], "scale": 1.8968187272207886}, "obs17": {"center": [19.77068519592285, 0.24505400657653809, 29.890256881713867], "orient": [-0.614999617259153, -0.5301283986172814, 0.5837288340921425], "scale": 1.7900020894389033}, "obs18": {"center": [26.765209197998047, -8.26574993133545, 30.314624786376953], "orient": [-0.10706770423005178, -0.7730365373255536, 0.625260760539652], "scale": 1.5811492992511569}, "obs19": {"center": [0.022540181875228882, -26.17511749267578, 82.12980651855469], "orient": [0.1864617307722339, 0.5703271533569629, 0.7999743502770362], "scale": 1.8503761733035782}, "obs20": {"center": [-34.71245574951172, 4.482992649078369, 60.76845932006836], "orient": [-0.13006449791572366, -0.09312201397723086, 0.987122847924591], "scale": 1.9822755400446277}, "obs21": {"center": [-27.365280151367188, -26.12361717224121, 30.45298194885254], "orient": [-0.11057822647971778, -0.961910262179915, -0.25000220667339595], "scale": 1.7500041805851083}, "obs22": {"center": [-27.301429748535156, -7.351208209991455, 53.044307708740234], "orient": [0.6665932429589043, -0.6938196468244714, -0.27252109298528965], "scale": 1.9447600319730725}, "obs23": {"center": [-29.315433502197266, -21.25248146057129, 73.14418029785156], "orient": [0.7678855255681136, -0.6347499058861491, -0.08628080088007264], "scale": 1.6708068263355549}, "obs24": {"center": [-10.573433876037598, 7.095414161682129, 27.017005920410156], "orient": [0.6949953003620571, -0.24477289056314544, -0.6760678697586628], "scale": 1.7835720638138546}, "obs25": {"center": [-14.573490142822266, -27.033470153808594, 28.251142501831055], "orient": [0.6159783546270008, -0.29519124995779306, 0.7303648352565781], "scale": 1.713772981648055}, "obs26": {"center": [-36.54787826538086, -10.120377540588379, 30.444124221801758], "orient": [-0.22411303966957102, 0.5025701449146933, -0.8349829907791473], "scale": 1.7183736315133995}, "obs27": {"center": [-23.117496490478516, -29.415828704833984, 50.749568939208984], "orient": [-0.12304564784136311, 0.508915949899148, 0.8519767159292249], "scale": 1.88827959249855}, "obs28": {"center": [17.192731857299805, -10.200994491577148, 52.085838317871094], "orient": [0.8257954382777317, -0.5083045853644225, -0.24431197804690566], "scale": 1.7678020867488282}, "obs29": {"center": [-12.318269729614258, -12.197096824645996, 14.612716674804688], "orient": [-0.30072118732104824, 0.4072895829313496, 0.862369968825345], "scale": 1.9768711134724333}, "obs30": {"center": [5.693049907684326, 43.05204391479492, 86.03593444824219], "orient": [0.6414823318601763, 0.465727332230644, 0.6095887711601633], "scale": 1.772104080074051}, "obs31": {"center": [-24.05636215209961, -2.9257102012634277, 71.68345642089844], "orient": [-0.7011583480917576, -0.5929439084398779, -0.39597284293910784], "scale": 1.5410474611375125}, "obs32": {"center": [-6.980741024017334, -11.657472610473633, 35.422149658203125], "orient": [0.48490895254865435, 0.6687349414784992, 0.5636105799077187], "scale": 1.6831712008375102}, "obs33": {"center": [21.177297592163086, -0.724311113357544, 15.392975807189941], "orient": [-0.10889904565449182, -0.3296229107722266, -0.9378111401287499], "scale": 1.9254252520022508}, "obs34": {"center": [32.11933898925781, -29.554521560668945, 59.73284912109375], "orient": [-0.3346207851514545, -0.31404785325219375, -0.888483469746237], "scale": 1.7031375215239755}, "obs35": {"center": [21.05506134033203, 37.024200439453125, 92.25980377197266], "orient": [-0.8486659846065345, -0.42042450250825664, -0.3209505947377357], "scale": 1.5136011829474247}, "obs36": {"center": [30.549728393554688, 15.25257396697998, 7.753007888793945], "orient": [-0.8448807187896676, 0.11278015009684196, -0.5229313614247937], "scale": 1.6235886194986766}, "obs37": {"center": [35.9939079284668, -3.661850929260254, 45.28860855102539], "orient": [-0.48105432065491893, -0.8754455844111358, -0.04670941355100914], "scale": 1.5335721853684774}, "obs38": {"center": [14.451194763183594, -38.937721252441406, 49.53801727294922], "orient": [0.5200305116842704, -0.3511775814973502, -0.7786158058831506], "scale": 1.9969260057106364}, "obs39": {"center": [16.93100357055664, -28.916767120361328, 85.64830017089844], "orient": [-0.8155573669903043, -0.48734944248351353, -0.3120203551995456], "scale": 1.9852901566885868}, "obs40": {"center": [-23.525876998901367, 16.94339370727539, 33.023799896240234], "orient": [0.6712741844567671, -0.27742308042576125, 0.6873335461979022], "scale": 1.64651161590972}, "obs41": {"center": [3.289405345916748, 1.9043141603469849, 17.71144676208496], "orient": [-0.15989481281860873, -0.986661326879013, 0.030546274323518273], "scale": 1.762033437650182}, "obs42": {"center": [-24.30091667175293, 8.105870246887207, 68.63568115234375],