{"numObstacles": 20, "heightRadius": [200, 12], "fractions": [9109.52570387862, 90477.86842338604], "obs0": {"center": [6.234875202178955, 2.7446680068969727, 13.377626419067383], "orient": [0.7894199922602996, -0.477910752638475, 0.3852497739548653], "scale": 1.7179974510710019}, "obs1": {"center": [-3.6051602363586426, -3.365144729614258, 20.16023063659668], "orient": [-0.7485965049895567, 0.22663289500793832, -0.62308972356936], "scale": 1.5129631159139456}, "obs2": {"center": [-1.0726258754730225, 8.885147094726562, 27.018423080444336], "orient": [0.12965548914346295, 0.7763217375389463, 0.6168581797783675], "scale": 1.7176611963091384}, "obs3": {"center": [-6.2833075523376465, 1.0204318761825562, 55.706748962402344], "orient": [-0.8011390512264368, -0.5981261448868501, -0.020526456167576652], "scale": 1.7101839010437445}, "obs4": {"center": [3.531857490539551, 4.1994171142578125, 37.407833099365234], "orient": [0.1970509905701495, 0.8580679168850451, -0.47422606120697547], "scale": 1.6651674105019372}, "obs5": {"center": [0.886553168296814, -4.453211307525635, 34.51637268066406], "orient": [0.2044902151248992, -0.9720212177444741, 0.11557899537858085], "scale": 1.6023243170189212}, "obs6": {"center": [3.034661293029785, -5.189148426055908, 71.95140075683594], "orient": [0.17933789727772526, -0.8421934441328792, -0.5084762740380351], "scale": 1.6498273368372616}, "obs7": {"center": [1.3576918840408325, 5.664721488952637, 63.11495590209961], "orient": [0.4477129781188948, -0.45101009064640035, -0.7721029642211172], "scale": 1.6334136375514334}, "obs8": {"center": [-1.45176100730896, 5.777252197265625, 93.6266860961914], "orient": [-0.9632326331610983, -0.18683563519715532, -0.19306822585296707], "scale": 1.5672899726724667}, "obs9": {"center": [3.633014440536499, -3.6631386280059814, 86.22447967529297], "orient": [-0.3981140794332233, 0.8227574948810854, -0.4056787945826575], "scale": 1.7567890606328733}, "obs10": {"center": [-2.69173002243042, 2.69513201713562, 107.4550552368164], "orient": [-0.6565839156044142, -0.7329308650112295, -0.1780727628905285], "scale": 1.5922199328234576}, "obs11": {"center": [0.33838239312171936, -7.261892795562744, 106.13980865478516], "orient": [0.2686416397583555, 0.5847992439082638, -0.7654028440711893], "scale": 1.7471184186909638}, "obs12": {"center": [4.053282737731934, -2.1241378784179688, 116.67578125], "orient": [0.38929828161019836, -0.3343749446872524, -0.858277486772631], "scale": 1.5398227385045304}, "obs13": {"center": [-1.5786124467849731, 5.15582275390625, 131.00233459472656], "orient": [0.01749409919102395, 0.9387543211776677, -0.34414282059016016], "scale": 1.752623045060852}, "obs14": {"center": [-3.2919230461120605, -0.9994268417358398, 163.2698211669922], "orient": [0.47660705547208243, 0.220237263353634, -0.8510824064124067], "scale": 1.532643252193439}, "obs15": {"center": [5.725769519805908, -1.0306665897369385, 141.9105682373047], "orient": [-0.6415043411400386, 0.06508502634249407, 0.7643533997075448], "scale": 1.7140611637986947}, "obs16": {"center": [4.4579997062683105, -2.472381114959717, 174.09947204589844], "orient": [-0.13901831164662343, -0.9381667568867035, -0.3170442324023686], "scale": 1.5482654578303063}, "obs17": {"center": [-3.2910547256469727, 0.039265964180231094, 147.6394805908203], "orient": [-0.48426194847087345, 0.7368019017676878, -0.4718191632550672], "scale": 1.5635799858506387}, "obs18": {"center": [-7.666233062744141, -0.693400502204895, 181.81336975097656], "orient": [0.8390204381662417, -0.1518929991466991, -0.5224683924885299], "scale": 1.6130060003021178}, "obs19": {"center": [3.4522740840911865, -4.546508312225342, 186.98651123046875], "orient": [0.44582410056531374, -0.014443545673234073, 0.895004053255355], "scale": 1.5534728421549915}}