{"numObstacles": 96, "heightRadius": [500, 15], "fractions": [53340.42254599209, 3926990.8169872416], "obs0": {"center": [-5.8064045906066895, -31.64108657836914, 312.60357666015625], "orient": [0.42469556537981284, 0.40793048802238974, -0.8082242224089401], "scale": 1.7615569377044737}, "obs1": {"center": [11.843859672546387, -26.11646270751953, 328.9987487792969], "orient": [0.5165847914390711, -0.6050466152105183, 0.6058537337312915], "scale": 1.592684442437063}, "obs2": {"center": [-10.736658096313477, -6.66913366317749, 39.22246551513672], "orient": [-0.7739376023509121, 0.34098469121539327, 0.53361974103669], "scale": 1.5135854638936521}, "obs3": {"center": [0.26497864723205566, -24.679529190063477, 34.238731384277344], "orient": [-0.6210488253273252, 0.6286359584406789, -0.4680974132751843], "scale": 1.649604357860415}, "obs4": {"center": [-7.919936656951904, -11.108132362365723, 57.74845886230469], "orient": [0.46272288039242826, 0.6342117010546282, -0.6194054037597101], "scale": 1.891850707263253}, "obs5": {"center": [-15.848713874816895, -19.770221710205078, 289.4585876464844], "orient": [-0.02693082141182221, 0.8751769313421188, -0.48305286429611066], "scale": 1.8824750908664756}, "obs6": {"center": [-11.80587387084961, 13.218988418579102, 304.7618103027344], "orient": [0.6357797792963434, 0.5173122861846907, 0.572863047158971], "scale": 1.70395866813817}, "obs7": {"center": [-24.99504280090332, 1.4002389907836914, 304.5450439453125], "orient": [0.807247977319965, 0.4985964100384063, -0.31583591152628393], "scale": 1.9403758576423584}, "obs8": {"center": [10.815921783447266, -24.516143798828125, 337.2823791503906], "orient": [0.20676584493362654, -0.2634258059791848, 0.9422604364575117], "scale": 1.576344520287481}, "obs9": {"center": [10.385560035705566, -18.70937728881836, 32.32173538208008], "orient": [0.2627631959543201, -0.313549814315529, 0.9124922009499965], "scale": 1.9308655236546899}, "obs10": {"center": [-13.459458351135254, -28.275068283081055, 43.555137634277344], "orient": [0.9841472918901361, -0.0016810077430144952, -0.17734509318918135], "scale": 1.7275442353295103}, "obs11": {"center": [-12.243818283081055, -32.24753189086914, 54.13594436645508], "orient": [-0.4857683197424865, 0.5749435311758919, -0.658383684103394], "scale": 1.9012640112510857}, "obs12": {"center": [-1.9706857204437256, -16.47567367553711, 73.55237579345703], "orient": [0.06152344671627009, 0.9447181878435547, 0.3220596389828136], "scale": 1.9231766170616988}, "obs13": {"center": [5.750281810760498, -2.7843375205993652, 153.4533233642578], "orient": [0.13939727060425672, 0.9833837749355507, 0.11629596786470942], "scale": 1.6517855581840029}, "obs14": {"center": [10.120390892028809, -11.18161392211914, 207.029296875], "orient": [-0.7759813741626617, -0.3055972710593183, -0.5517818544259361], "scale": 1.741969538880541}, "obs15": {"center": [-0.1939258724451065, -3.9141039848327637, 227.49899291992188], "orient": [0.44006550789596377, -0.8923604768409106, 0.10017548668476844], "scale": 1.7013621316358467}, "obs16": {"center": [6.4447431564331055, -31.05443572998047, 291.8898620605469], "orient": [-0.28193623601446827, 0.27079637680203184, -0.9204245113711857], "scale": 1.6819418486054336}, "obs17": {"center": [-4.895595550537109, -15.948270797729492, 334.4727478027344], "orient": [-0.8743879210048476, -0.48333281346730594, 0.04283870944133237], "scale": 1.5537966476124148}, "obs18": {"center": [12.686004638671875, -41.6584358215332, 310.7176818847656], "orient": [-0.052138621169141225, -0.4515422360064794, -0.890725082887447], "scale": 1.6916184489477168}, "obs19": {"center": [0.569371223449707, -35.611209869384766, 324.7511901855469], "orient": [-0.42116384367740173, 0.066393562615033, -0.9045512211158421], "scale": 1.768846070952695}, "obs20": {"center": [8.291954040527344, -14.314513206481934, 352.8806457519531], "orient": [0.38589117660752237, -0.4855989234676321, -0.7843989325232019], "scale": 1.537257889518577}, "obs21": {"center": [-0.15002700686454773, -9.99393367767334, 434.9034423828125], "orient": [-0.8504247844299953, 0.42861627850080136, -0.30506683174563515], "scale": 1.9055699349167767}, "obs22": {"center": [-5.447498321533203, -17.288402557373047, 430.97027587890625], "orient": [0.06839343168415828, -0.6611075442700225, 0.7471674199345985], "scale": 1.8912455778414525}, "obs23": {"center": [-5.00166654586792, -19.336488723754883, 442.5320129394531], "orient": [-0.8862208332887965, -0.3959087229391629, -0.24055959291949267], "scale": 1.6042749293074103}, "obs24": {"center": [2.671564817428589, 6.921962738037109, 48.38825607299805], "orient": [0.020925146501152472, 0.6686398592734135, -0.743291918989259], "scale": 1.982247852573235}, "obs25": {"center": [-1.8119581937789917, -8.110023498535156, 281.7445068359375], "orient": [-0.9582267257806331, -0.23699698246723497, -0.16010612824358963], "scale": 1.7656745544550156}, "obs26": {"center": [10.655196189880371, -34.45859146118164, 297.2947082519531], "orient": [0.2618324565735955, 0.8200499153660791, 0.5088829934206124], "scale": 1.9206990365886947}, "obs27": {"center": [27.294832229614258, -18.1621036529541, 315.5205993652344], "orient": [0.810144872873169, 0.4684571639585131, -0.35243888901944886], "scale": 1.718193658556706}, "obs28": {"center": [21.57802963256836, -12.220942497253418, 340.4518737792969], "orient": [0.2886923987209069, -0.6238970227841891, -0.7262294430011729], "scale": 1.8058298207373693}, "obs29": {"center": [-25.017993927001953, 3.452768564224243, 15.391962051391602], "orient": [0.7234529750089671, -0.6083060007858061, 0.32646531570544157], "scale": 1.7161116000582646}, "obs30": {"center": [-11.589205741882324, 12.93152141571045, 29.1195068359375], "orient": [-0.44782301950434056, 0.020622876300005845, -0.8938843550343242], "scale": 1.7385095956150738}, "obs31": {"center": [-16.327051162719727, -20.37076759338379, 72.12841033935547], "orient": [-0.7961948968142702, 0.41670974187901777, 0.43866465245109065], "scale": 1.5676977977178015}, "obs32": {"center": [-19.253704071044922, -8.391219139099121, 275.3193664550781], "orient": [0.579462645356419, -0.49606058521316554, 0.6466428213739892], "scale": 1.5268773662438935}, "obs33": {"center": [-13.601000785827637, -0.42204686999320984, 281.40704345703125], "orient": [-0.9782935597462903, -0.16940633291301127, -0.11934490072012842], "scale": 1.913572143707461}, "obs34": {"center": [-4.0614118576049805, 6.928802013397217, 315.6978454589844], "orient": [0.8709014329233219, 0.4684079018308858, -0.148743845702913], "scale": 1.545019021645299}, "obs35": {"center": [14.547614097595215, 0.26998916268348694, 279.38189697265625], "orient": [-0.08292663530935014, -0.9585149970224456, 0.27271262097550825], "scale": 1.587933371479315}, "obs36": {"center": [1.3863928318023682, -5.864158630371094, 350.7384338378906], "orient": [-0.8765274138176129, -0.4785560394706043, 0.0518055007930312], "scale": 1.8252293115014615}, "obs37": {"center": [-18.56143569946289, 19.566980361938477, 370.5575866699219], "orient": [0.7946330995018149, 0.444766267375507, -0.4132084275290107], "scale": 1.7349152517779176}, "obs38": {"center": [3.5152368545532227, 6.086727142333984, 353.6077880859375], "orient": [-0.5538782631009066, -0.42340666662134047, 0.7169000378887757], "scale": 1.6372255181607787}, "obs39": {"center": [25.267311096191406, 10.461347579956055, 14.313950538635254], "orient": [0.2630509477297335, 0.047628384089176, 0.963605591477936], "scale": 1.7732528159145995}, "obs40": {"center": [16.864517211914062, 9.9506196975708, 27.929237365722656], "orient": [0.10982309164220438, -0.03085641229435172, 0.9934720783003762], "scale": 1.8176821412428916}, "obs41": {"center": [13.700363159179688, 0.38156020641326904, 57.60433578491211], "orient": [0.9852551790904778, 0.031562409822349674, -0.16815482854083144], "scale": 1.7381257035964506}, "obs42": {"center": [2.778411865234375, -19.17285919189453, 60.04191207885742],