{"numObstacles": 40, "heightRadius": [100, 25], "fractions": [22735.82617364665, 196349.54084936206], "obs0": {"center": [14.915861129760742, -9.999186515808105, 12.206987380981445], "orient": [-0.0946278502596042, 0.06600416449766916, -0.993322213697152], "scale": 1.6934463255592798}, "obs1": {"center": [-9.810161590576172, 0.16228513419628143, 5.257223129272461], "orient": [0.47697778774003247, 0.2112291657346122, -0.8531555717134387], "scale": 1.8968187272207886}, "obs2": {"center": [10.090400695800781, -17.392911911010742, 57.231422424316406], "orient": [0.018818400785128028, 0.46099238324368874, 0.8872045369491719], "scale": 1.7900020894389033}, "obs3": {"center": [-1.1134241819381714, -10.652119636535645, 41.72509765625], "orient": [-0.3980285196300874, 0.6918387391261931, -0.602438757555787], "scale": 1.5811492992511569}, "obs4": {"center": [-9.525188446044922, -13.650227546691895, 76.486328125], "orient": [-0.6830050255291068, -0.02670289013560476, 0.7299254008187344], "scale": 1.8503761733035782}, "obs5": {"center": [0.9227335453033447, -20.36736297607422, 28.996912002563477], "orient": [0.05151735361107973, 0.8330205510907048, 0.5508382010513156], "scale": 1.9822755400446277}, "obs6": {"center": [-3.431976318359375, 11.133442878723145, 7.381290912628174], "orient": [-0.36694813649145197, 0.9281535388330399, 0.06229023580911653], "scale": 1.7500041805851083}, "obs7": {"center": [-18.188297271728516, -6.300305366516113, 36.61227798461914], "orient": [0.7013966263904396, -0.32098599550454965, 0.6364045593630384], "scale": 1.9447600319730725}, "obs8": {"center": [-12.667909622192383, -3.3096275329589844, 65.91263580322266], "orient": [0.17951031855809518, 0.6100229893062906, -0.7717823514754587], "scale": 1.6708068263355549}, "obs9": {"center": [5.625354766845703, -14.94859790802002, 90.06047821044922], "orient": [-0.24433114279226092, -0.40359997892624105, -0.8817081998442374], "scale": 1.7835720638138546}, "obs10": {"center": [4.591046333312988, -17.187389373779297, 6.605355739593506], "orient": [0.6738079636076714, 0.06049908149043971, -0.7364256169618872], "scale": 1.713772981648055}, "obs11": {"center": [-6.80513334274292, -5.912685871124268, 28.9627628326416], "orient": [0.6031808095436394, -0.39461201930365547, -0.6931480831823539], "scale": 1.7183736315133995}, "obs12": {"center": [11.942378044128418, 10.085572242736816, 68.28864288330078], "orient": [0.8074316399023517, -0.5653988606539135, -0.16845852681255255], "scale": 1.88827959249855}, "obs13": {"center": [-11.734118461608887, 8.16444206237793, 59.025753021240234], "orient": [0.2783691714946462, -0.9012751866367252, -0.331984400709311], "scale": 1.7678020867488282}, "obs14": {"center": [0.7772878408432007, 0.9433568716049194, 78.2728500366211], "orient": [0.9785334823248677, -0.20035418528253351, -0.048274469535563094], "scale": 1.9768711134724333}, "obs15": {"center": [-10.387862205505371, -2.907055139541626, 17.20353126525879], "orient": [-0.5418627983637146, -0.5108079274195464, -0.6674278755302265], "scale": 1.772104080074051}, "obs16": {"center": [5.852304458618164, 0.11761310696601868, 42.51936340332031], "orient": [0.3883578372868269, -0.8592688078688034, -0.33291936867899985], "scale": 1.5410474611375125}, "obs17": {"center": [13.700931549072266, -11.464637756347656, 38.579833984375], "orient": [-0.8548107979050195, 0.39051209068055837, 0.3417584041648182], "scale": 1.6831712008375102}, "obs18": {"center": [-4.922665119171143, -12.736969947814941, 66.55682373046875], "orient": [0.9481564290713762, 0.30127592153650423, 0.10115436279739287], "scale": 1.9254252520022508}, "obs19": {"center": [-8.950628280639648, -16.152013778686523, 51.2127571105957], "orient": [-0.21262187298282595, -0.6897734608313356, -0.6921015184653454], "scale": 1.7031375215239755}, "obs20": {"center": [4.282411575317383, -4.202884674072266, 27.64717674255371], "orient": [0.501227845781737, -0.8335941139809708, 0.23214542801717997], "scale": 1.5136011829474247}, "obs21": {"center": [2.948183059692383, -9.946839332580566, 17.52730369567871], "orient": [-0.4839241354531861, -0.16169064178001408, 0.860042770730999], "scale": 1.6235886194986766}, "obs22": {"center": [-3.7688937187194824, 13.152847290039062, 94.27790069580078], "orient": [-0.504939872482835, -0.32648051558849017, 0.7990282836784265], "scale": 1.5335721853684774}, "obs23": {"center": [14.989378929138184, -2.6349596977233887, 75.89530944824219], "orient": [0.6539440697585649, 0.6251006745823848, -0.4261529071404448], "scale": 1.9969260057106364}, "obs24": {"center": [-16.14174461364746, 6.118777275085449, 83.77250671386719], "orient": [0.36870736452393227, 0.799226532698641, 0.47464916388457296], "scale": 1.9852901566885868}, "obs25": {"center": [-12.097392082214355, 9.67718505859375, 22.011165618896484], "orient": [0.06449271956132016, -0.7663702077896791, 0.6391536542459795], "scale": 1.7520002196895763}, "obs26": {"center": [-10.048013687133789, 14.490354537963867, 37.03055953979492], "orient": [-0.7659006116621622, 0.3747400836668582, 0.5224615993055204], "scale": 1.6617706587673493}, "obs27": {"center": [13.568608283996582, 2.255612850189209, 26.476423263549805], "orient": [0.4827255583289952, 0.6971675287642429, 0.5300315765807905], "scale": 1.6298723763735685}, "obs28": {"center": [-10.250765800476074, 15.999881744384766, 70.3327407836914], "orient": [0.39987384803055565, 0.4160207635123976, -0.816717595003192], "scale": 1.6934449426603813}, "obs29": {"center": [-14.449407577514648, -5.713654518127441, 89.69517517089844], "orient": [0.6954260214461527, -0.7096340871241088, 0.11314641438025266], "scale": 1.9160084498172505}, "obs30": {"center": [10.6368408203125, 2.021000623703003, 10.179534912109375], "orient": [-0.28567774582137967, -0.952655410698648, 0.104095600334526], "scale": 1.8683735281435565}, "obs31": {"center": [14.437572479248047, 11.627963066101074, 43.990299224853516], "orient": [-0.2639861016642746, 0.8019395731238038, 0.5359144140495856], "scale": 1.6896052834708186}, "obs32": {"center": [-15.926848411560059, 2.391803741455078, 53.93681716918945], "orient": [-0.062226605908479955, 0.9703348818584359, -0.23361949098028195], "scale": 1.5065086683472753}, "obs33": {"center": [2.4162468910217285, 16.79528045654297, 52.951175689697266], "orient": [0.874772925950272, -0.15428744605500744, 0.4593122162693074], "scale": 1.8987024695162968}, "obs34": {"center": [15.044103622436523, 4.723635196685791, 91.30184936523438], "orient": [0.42897260071881327, -0.6587735392858897, -0.6180614304171388], "scale": 1.6346943987981506}, "obs35": {"center": [12.76824951171875, 10.913100242614746, 10.399221420288086], "orient": [0.43445815020078926, 0.8824904765224846, 0.18015736058020676], "scale": 1.7913424442645174}, "obs36": {"center": [0.9251269102096558, 15.424778938293457, 23.191434860229492], "orient": [-0.22858397889255422, -0.272960952563677, 0.9344740140684374], "scale": 1.5127754709248464}, "obs37": {"center": [6.546740531921387, 15.743700981140137, 33.752071380615234], "orient": [0.6720712494937556, -0.24140659695478225, -0.7000307782880788], "scale": 1.831101009634163}, "obs38": {"center": [6.746255874633789, -1.703594446182251, 62.97666549682617], "orient": [0.1245546838923699, -0.40869650351722103, -0.9041312397728938], "scale": 1.6937617129366407}, "obs39": {"center": [-0.1675049364566803, 16.781206130981445, 80.49929809570312], "orient": [-0.19664652978184863, -0.34671393450882004, -0.917125721993539], "scale": 1.7485368993672563}}