{"numObstacles": 53, "heightRadius": [500, 12], "fractions": [24627.951558214558, 226194.67105846512], "obs0": {"center": [-4.2147135734558105, 1.3845702409744263, 12.514909744262695], "orient": [0.21438534392742958, -0.948840544960683, 0.23182006933790614], "scale": 1.7179974510710019}, "obs1": {"center": [-1.7447483539581299, -4.582317352294922, 16.040699005126953], "orient": [-0.09954884073419103, 0.7976579545274778, -0.5948376382572969], "scale": 1.5129631159139456}, "obs2": {"center": [-2.1160545349121094, -0.054170332849025726, 45.468021392822266], "orient": [-0.1345651188732174, 0.5955322275874503, 0.7919808044942543], "scale": 1.7176611963091384}, "obs3": {"center": [8.492748260498047, 1.519084095954895, 20.90969467163086], "orient": [-0.9633650670872632, 0.24910317197193613, 0.09937483197204752], "scale": 1.7101839010437445}, "obs4": {"center": [6.249366283416748, -1.196833848953247, 32.00752639770508], "orient": [0.6269985718178795, 0.06268981379181884, 0.7764939009323167], "scale": 1.6651674105019372}, "obs5": {"center": [-5.240519046783447, -1.2210988998413086, 71.2153549194336], "orient": [0.39324751753666304, 0.8648686470095509, -0.3120234179851262], "scale": 1.6023243170189212}, "obs6": {"center": [-4.2848711013793945, 6.166086673736572, 71.15186309814453], "orient": [0.3544513939253649, 0.8843303573406144, -0.30384869331657], "scale": 1.6498273368372616}, "obs7": {"center": [0.03561080992221832, -3.1584503650665283, 58.22663116455078], "orient": [-0.6651327555760513, 0.3029035537066037, -0.6825304788884665], "scale": 1.6334136375514334}, "obs8": {"center": [4.61845588684082, 5.587640285491943, 63.260108947753906], "orient": [-0.4741200747961499, 0.5756694200212653, 0.6661943211463702], "scale": 1.5672899726724667}, "obs9": {"center": [-1.191041350364685, -4.3337225914001465, 78.80242919921875], "orient": [-0.8971442977067546, -0.3039018678204929, -0.3205865933370729], "scale": 1.7567890606328733}, "obs10": {"center": [-3.228447437286377, 1.6666884422302246, 90.69904327392578], "orient": [0.987025311027007, 0.09392812477571547, 0.1302249698335838], "scale": 1.5922199328234576}, "obs11": {"center": [2.021357297897339, -5.180423736572266, 102.07795715332031], "orient": [-0.31274371903905124, 0.9150561789330025, 0.25468324561728845], "scale": 1.7471184186909638}, "obs12": {"center": [-0.7939213514328003, 4.6992926597595215, 104.63129425048828], "orient": [0.7787779597928693, 0.1945513461949965, -0.5963678923572012], "scale": 1.5398227385045304}, "obs13": {"center": [1.9902141094207764, 7.335845947265625, 116.08096313476562], "orient": [-0.2675341449301896, 0.6400582628208512, -0.7202436403684704], "scale": 1.752623045060852}, "obs14": {"center": [-4.623743057250977, -2.4669580459594727, 127.50829315185547], "orient": [0.09638132804955672, 0.2236412689323686, -0.9698944388095664], "scale": 1.532643252193439}, "obs15": {"center": [0.2734713554382324, -8.004742622375488, 130.76609802246094], "orient": [0.0874021779014209, -0.9932376225400518, -0.07641913679880312], "scale": 1.7140611637986947}, "obs16": {"center": [6.325989723205566, -1.5381062030792236, 144.14419555664062], "orient": [-0.7151420916613788, -0.6390205450296486, -0.283239354193938], "scale": 1.5482654578303063}, "obs17": {"center": [3.204195022583008, -4.959854602813721, 115.62236785888672], "orient": [0.9622190009450632, -0.18470130807439208, -0.20005004627815726], "scale": 1.5635799858506387}, "obs18": {"center": [1.004836082458496, 0.5298388004302979, 156.35072326660156], "orient": [-0.2458281513960903, 0.892350794631606, -0.37852157045738105], "scale": 1.6130060003021178}, "obs19": {"center": [0.13752034306526184, 6.738560199737549, 142.6097412109375], "orient": [0.41292021890591546, 0.8975740656757346, 0.15445934560596503], "scale": 1.5534728421549915}, "obs20": {"center": [-4.429373264312744, -2.8216331005096436, 145.56031799316406], "orient": [0.5124032655193498, -0.7367714609505371, 0.4411470365013438], "scale": 1.6101531035352799}, "obs21": {"center": [3.1442971229553223, 2.9715278148651123, 179.48733520507812], "orient": [-0.13831502317745506, -0.8126798869879568, 0.5660568484248394], "scale": 1.6749131425016497}, "obs22": {"center": [3.9392781257629395, -3.9264886379241943, 177.7483673095703], "orient": [0.1350396820187381, -0.7585951053883555, -0.6374148965635394], "scale": 1.73389374229115}, "obs23": {"center": [-6.647339344024658, 1.4131653308868408, 198.77059936523438], "orient": [0.9464026118426555, 0.303989581666486, 0.10914408154194531], "scale": 1.6008716131324827}, "obs24": {"center": [3.8289289474487305, 3.9834377765655518, 205.69691467285156], "orient": [0.25376397986870136, -0.14945597319156728, -0.9556499121532732], "scale": 1.7415349177758759}, "obs25": {"center": [3.8830323219299316, -3.654062509536743, 195.30661010742188], "orient": [0.33595655927621865, 0.697307667811006, 0.6331628595324115], "scale": 1.7526183600092746}, "obs26": {"center": [2.421536922454834, 4.689983367919922, 227.35845947265625], "orient": [-0.4101467896696253, 0.8329803481441054, 0.3713803313712577], "scale": 1.6934463255592798}, "obs27": {"center": [-2.906822919845581, -4.7121124267578125, 211.4658660888672], "orient": [-0.9066851968828163, 0.1256314695572047, 0.40266448516161124], "scale": 1.5811492992511569}, "obs28": {"center": [-2.404902458190918, -0.5091916918754578, 241.44570922851562], "orient": [0.30962473084128506, 0.6844947476075262, -0.6599995958704602], "scale": 1.7500041805851083}, "obs29": {"center": [7.968721389770508, 1.1740235090255737, 248.16087341308594], "orient": [0.9979499786900866, -0.038938364565315436, 0.05079019391018617], "scale": 1.6708068263355549}, "obs30": {"center": [-0.7141672372817993, 7.62567138671875, 264.83428955078125], "orient": [-0.3317165055422249, -0.805797268292672, -0.49056592050704323], "scale": 1.713772981648055}, "obs31": {"center": [3.2092719078063965, 4.137046813964844, 286.09613037109375], "orient": [0.29306624649970975, 0.3867811019991576, 0.8743640856639119], "scale": 1.7183736315133995}, "obs32": {"center": [3.5049948692321777, -0.6428199410438538, 269.2710876464844], "orient": [0.18264954245169007, 0.05674482148660864, -0.9815391840760312], "scale": 1.5410474611375125}, "obs33": {"center": [-1.1073609590530396, -2.0324485301971436, 305.4092102050781], "orient": [0.24319333072388688, -0.9695112785839273, -0.030081299672400405], "scale": 1.6831712008375102}, "obs34": {"center": [-0.7941964268684387, 7.148523807525635, 305.45489501953125], "orient": [0.1612676419397881, -0.6867172327593358, 0.7088104047589459], "scale": 1.7031375215239755}, "obs35": {"center": [-3.5179290771484375, 1.251926302909851, 325.6119384765625], "orient": [0.18852737150649918, -0.7949234697730544, -0.5766750448882094], "scale": 1.5136011829474247}, "obs36": {"center": [-3.152421236038208, 7.925429344177246, 346.5032653808594], "orient": [-0.3064209508498873, -0.7490404336331709, 0.5874049962869591], "scale": 1.6235886194986766}, "obs37": {"center": [2.7514336109161377, -0.9604153633117676, 347.3757019042969], "orient": [0.9004564867239664, -0.0696083667244077, 0.4293399478253702], "scale": 1.5335721853684774}, "obs38": {"center": [7.303713798522949, 0.7089271545410156, 362.6050109863281], "orient": [-0.9966713237452945, 0.056889944110240544, -0.058393550011419146], "scale": 1.584612723292089}, "obs39": {"center": [-0.0865900069475174, 3.793588638305664, 391.3281555175781], "orient": [-0.7151659000521686, -0.6984577839555056, -0.02635259825018439], "scale": 1.64651161590972}, "obs40": {"center": [-2.9662182331085205, 3.759810447692871, 371.65716552734375], "orient": [-0.18255730731475672, 0.2949992088246011, -0.9378956745495978], "scale": 1.762033437650182}, "obs41": {"center": [-4.90708065032959, -6.178223609924316, 396.73046875], "orient": [-0.6389128277291327, 0.7576134856115293, -0.1334623729097933], "scale": 1.6783121405613795}, "obs42": {"center": [5.283814430236816, 4.686652183532715, 423.07940673828125],