{"numObstacles": 2,
  "obs0": {"center": [-8.161938258084161, 6.475607913496396, 9.793870409245164], "orient": [-0.9996017754872455, 0.020388411222059265, 0.019509052529188525], "scale": 2.0},
  "obs1": {"center": [3.263967530902481, -4.054011782597436, 11.791542736613307], "orient": [0.5607595893513455, 0.34334160710773143, -0.7534356135591086], "scale": 1.8}}